<?xml version="1.0" encoding="UTF-8"?>
 <tt xml:lang="en" xmlns="http://www.w3.org/2006/04/ttaf1"  xmlns:tts="http://www.w3.org/2006/04/ttaf1#styling">
  <head>
    <styling>
      <style id="1" tts:textAlign="right"/>
      <style id="2" tts:color="transparent"/>
      <style id="3" style="2" tts:backgroundColor="white"/>
      <style id="4" style="2 3" tts:fontSize="20"/>
    </styling>
  </head>
  <body>
    <div xml:lang="en">
      <p begin="00:00:00.00" dur="00:00:04.07">This is some text</p>
      <p begin="00:00:04.07" dur="00:00:03.85">for captioning.</p>
      <p begin="00:00:07.92" dur="00:00:03.08">It will be displayed</p>
      <p begin="00:00:11.00" dur="00:00:01.44">on the video.</p>
    </div>
  </body>
</tt>
